{
  "folds": [
    {
      "fold": 1,
      "n_train": 481,
      "n_val": 104,
      "n_test": 104,
      "baseline_accuracy": 0.7019230769230769,
      "baseline_f1": 0.8248587570621468,
      "train_accuracy": 0.83991683991684,
      "train_f1": 0.8974700399467377,
      "train_auroc": 0.9883366303989449,
      "val_accuracy": 0.7307692307692307,
      "val_f1": 0.8333333333333334,
      "val_auroc": 0.6765355722492268,
      "test_accuracy": 0.7115384615384616,
      "test_f1": 0.8192771084337349,
      "test_auroc": 0.7388422448077773
    }
  ],
  "avg_baseline_accuracy": 0.7019230769230769,
  "avg_baseline_f1": 0.8248587570621468,
  "avg_train_accuracy": 0.83991683991684,
  "avg_train_f1": 0.8974700399467377,
  "avg_train_auroc": 0.9883366303989449,
  "avg_val_auroc": 0.6765355722492268,
  "avg_test_accuracy": 0.7115384615384616,
  "avg_test_f1": 0.8192771084337349,
  "avg_test_auroc": 0.7388422448077773,
  "feature_dim": 896,
  "n_samples": 689,
  "n_folds": 1,
  "extract_time_s": 150.1899118423462
}