{
  "folds": [
    {
      "fold": 1,
      "n_train": 481,
      "n_val": 104,
      "n_test": 104,
      "baseline_accuracy": 0.7019230769230769,
      "baseline_f1": 0.8248587570621468,
      "train_accuracy": 0.8648648648648649,
      "train_f1": 0.912043301759134,
      "train_auroc": 0.9932410154962084,
      "val_accuracy": 0.7403846153846154,
      "val_f1": 0.8363636363636363,
      "val_auroc": 0.6827220503756076,
      "test_accuracy": 0.7596153846153846,
      "test_f1": 0.8407643312101911,
      "test_auroc": 0.7596111356606275
    }
  ],
  "avg_baseline_accuracy": 0.7019230769230769,
  "avg_baseline_f1": 0.8248587570621468,
  "avg_train_accuracy": 0.8648648648648649,
  "avg_train_f1": 0.912043301759134,
  "avg_train_auroc": 0.9932410154962084,
  "avg_val_auroc": 0.6827220503756076,
  "avg_test_accuracy": 0.7596153846153846,
  "avg_test_f1": 0.8407643312101911,
  "avg_test_auroc": 0.7596111356606275,
  "feature_dim": 896,
  "n_samples": 689,
  "n_folds": 1,
  "extract_time_s": 152.46938633918762
}